{
    "AWSEBDockerrunVersion": "2",
    "containerDefinitions": [
      {
        "name": "backend",
        "image": "891377008031.dkr.ecr.us-east-1.amazonaws.com/backend:latest",
        "essential": true,
        "memory": 256,
        "portMappings": [
          {
            "hostPort": 5000,
            "containerPort": 5000
          }
        ]
      },
      {
        "name": "frontend",
        "image": "891377008031.dkr.ecr.us-east-1.amazonaws.com/frontend:latest",
        "essential": true,
        "memory": 256,
        "portMappings": [
          {
            "hostPort": 80,
            "containerPort": 80
          }
        ]
      }
    ]
  }
    